"country","score","continent","confederation","pot","group","simulation"
"Mexico",1632,"North America","CONCACAF",1,2,1
"United States",1548,"North America","CONCACAF",1,1,1
"Canada",1332,"North America","CONCACAF",1,3,1
"Belgium",1780,"Europe","UEFA",1,8,1
"France",1755,"Europe","UEFA",1,5,1
"Brazil",1743,"South America","CONMEBOL",1,12,1
"England",1670,"Europe","UEFA",1,7,1
"Portugal",1662,"Europe","UEFA",1,11,1
"Spain",1645,"Europe","UEFA",1,9,1
"Argentina",1642,"South America","CONMEBOL",1,10,1
"Uruguay",1639,"South America","CONMEBOL",1,4,1
"Italy",1625,"Europe","UEFA",1,6,1
"Croatia",1617,"Europe","UEFA",2,2,1
"Denmark",1614,"Europe","UEFA",2,8,1
"Germany",1610,"Europe","UEFA",2,12,1
"Netherlands",1609,"Europe","UEFA",2,3,1
"Colombia",1601,"South America","CONMEBOL",2,7,1
"Switzerland",1593,"Europe","UEFA",2,9,1
"Chile",1567,"South America","CONMEBOL",2,1,1
"Wales",1562,"Europe","UEFA",2,11,1
"Poland",1559,"Europe","UEFA",2,5,1
"Senegal",1558,"Africa","CAF",2,10,1
"Austria",1531,"Europe","UEFA",2,6,1
"Tunisia",1503,"Africa","CAF",2,4,1
"Japan",1502,"Asia","AFC",3,10,1
"Iran",1496,"Asia","AFC",3,11,1
"Algeria",1488,"Africa","CAF",3,12,1
"Morocco",1481,"Africa","CAF",3,7,1
"Paraguay",1476,"South America","CONMEBOL",3,2,1
"Nigeria",1474,"Africa","CAF",3,5,1
"Korea Republic",1465,"Asia","AFC",3,1,1
"Australia",1457,"Asia","AFC",3,6,1
"Norway",1450,"Europe","UEFA",3,9,1
"Jamaica",1437,"North America","CONCACAF",3,4,1
"Scotland",1436,"Europe","UEFA",3,3,1
"Egypt",1432,"Africa","CAF",3,8,1
"Cameroon",1427,"Africa","CAF",4,3,1
"Costa Rica",1427,"North America","CONCACAF",4,8,1
"Ghana",1424,"Africa","CAF",4,1,1
"Ecuador",1409,"South America","CONMEBOL",4,11,1
"Qatar",1391,"Asia","AFC",4,9,1
"Saudi Arabia",1353,"Asia","AFC",4,2,1
"South Africa",1341,"Africa","CAF",4,6,1
"Panama",1312,"North America","CONCACAF",4,12,1
"Haiti",1285,"North America","CONCACAF",4,7,1
"Uzbekistan",1283,"Asia","AFC",4,5,1
"Jordan",1243,"Asia","AFC",4,4,1
"New Zealand",1149,"Oceania","OFC",4,10,1
"Mexico",1632,"North America","CONCACAF",1,2,2
"United States",1548,"North America","CONCACAF",1,1,2
"Canada",1332,"North America","CONCACAF",1,3,2
"Belgium",1780,"Europe","UEFA",1,10,2
"France",1755,"Europe","UEFA",1,4,2
"Brazil",1743,"South America","CONMEBOL",1,7,2
"England",1670,"Europe","UEFA",1,6,2
"Portugal",1662,"Europe","UEFA",1,8,2
"Spain",1645,"Europe","UEFA",1,11,2
"Argentina",1642,"South America","CONMEBOL",1,9,2
"Uruguay",1639,"South America","CONMEBOL",1,5,2
"Italy",1625,"Europe","UEFA",1,12,2
"Croatia",1617,"Europe","UEFA",2,12,2
"Denmark",1614,"Europe","UEFA",2,3,2
"Germany",1610,"Europe","UEFA",2,11,2
"Netherlands",1609,"Europe","UEFA",2,2,2
"Colombia",1601,"South America","CONMEBOL",2,10,2
"Switzerland",1593,"Europe","UEFA",2,9,2
"Chile",1567,"South America","CONMEBOL",2,1,2
"Wales",1562,"Europe","UEFA",2,6,2
"Poland",1559,"Europe","UEFA",2,8,2
"Senegal",1558,"Africa","CAF",2,7,2
"Austria",1531,"Europe","UEFA",2,4,2
"Tunisia",1503,"Africa","CAF",2,5,2
"Japan",1502,"Asia","AFC",3,8,2
"Iran",1496,"Asia","AFC",3,4,2
"Algeria",1488,"Africa","CAF",3,1,2
"Morocco",1481,"Africa","CAF",3,9,2
"Paraguay",1476,"South America","CONMEBOL",3,11,2
"Nigeria",1474,"Africa","CAF",3,10,2
"Korea Republic",1465,"Asia","AFC",3,2,2
"Australia",1457,"Asia","AFC",3,6,2
"Norway",1450,"Europe","UEFA",3,12,2
"Jamaica",1437,"North America","CONCACAF",3,7,2
"Scotland",1436,"Europe","UEFA",3,5,2
"Egypt",1432,"Africa","CAF",3,3,2
"Cameroon",1427,"Africa","CAF",4,6,2
"Costa Rica",1427,"North America","CONCACAF",4,12,2
"Ghana",1424,"Africa","CAF",4,8,2
"Ecuador",1409,"South America","CONMEBOL",4,3,2
"Qatar",1391,"Asia","AFC",4,9,2
"Saudi Arabia",1353,"Asia","AFC",4,11,2
"South Africa",1341,"Africa","CAF",4,2,2
"Panama",1312,"North America","CONCACAF",4,4,2
"Haiti",1285,"North America","CONCACAF",4,5,2
"Uzbekistan",1283,"Asia","AFC",4,1,2
"Jordan",1243,"Asia","AFC",4,10,2
"New Zealand",1149,"Oceania","OFC",4,7,2
"Mexico",1632,"North America","CONCACAF",1,2,3
"United States",1548,"North America","CONCACAF",1,1,3
"Canada",1332,"North America","CONCACAF",1,3,3
"Belgium",1780,"Europe","UEFA",1,11,3
"France",1755,"Europe","UEFA",1,12,3
"Brazil",1743,"South America","CONMEBOL",1,10,3
"England",1670,"Europe","UEFA",1,8,3
"Portugal",1662,"Europe","UEFA",1,4,3
"Spain",1645,"Europe","UEFA",1,5,3
"Argentina",1642,"South America","CONMEBOL",1,7,3
"Uruguay",1639,"South America","CONMEBOL",1,6,3
"Italy",1625,"Europe","UEFA",1,9,3
"Croatia",1617,"Europe","UEFA",2,6,3
"Denmark",1614,"Europe","UEFA",2,7,3
"Germany",1610,"Europe","UEFA",2,4,3
"Netherlands",1609,"Europe","UEFA",2,3,3
"Colombia",1601,"South America","CONMEBOL",2,12,3
"Switzerland",1593,"Europe","UEFA",2,8,3
"Chile",1567,"South America","CONMEBOL",2,1,3
"Wales",1562,"Europe","UEFA",2,11,3
"Poland",1559,"Europe","UEFA",2,5,3
"Senegal",1558,"Africa","CAF",2,9,3
"Austria",1531,"Europe","UEFA",2,2,3
"Tunisia",1503,"Africa","CAF",2,10,3
"Japan",1502,"Asia","AFC",3,3,3
"Iran",1496,"Asia","AFC",3,6,3
"Algeria",1488,"Africa","CAF",3,4,3
"Morocco",1481,"Africa","CAF",3,2,3
"Paraguay",1476,"South America","CONMEBOL",3,5,3
"Nigeria",1474,"Africa","CAF",3,11,3
"Korea Republic",1465,"Asia","AFC",3,7,3
"Australia",1457,"Asia","AFC",3,10,3
"Norway",1450,"Europe","UEFA",3,1,3
"Jamaica",1437,"North America","CONCACAF",3,12,3
"Scotland",1436,"Europe","UEFA",3,9,3
"Egypt",1432,"Africa","CAF",3,8,3
"Cameroon",1427,"Africa","CAF",4,12,3
"Costa Rica",1427,"North America","CONCACAF",4,4,3
"Ghana",1424,"Africa","CAF",4,3,3
"Ecuador",1409,"South America","CONMEBOL",4,9,3
"Qatar",1391,"Asia","AFC",4,2,3
"Saudi Arabia",1353,"Asia","AFC",4,11,3
"South Africa",1341,"Africa","CAF",4,7,3
"Panama",1312,"North America","CONCACAF",4,5,3
"Haiti",1285,"North America","CONCACAF",4,10,3
"Uzbekistan",1283,"Asia","AFC",4,1,3
"Jordan",1243,"Asia","AFC",4,8,3
"New Zealand",1149,"Oceania","OFC",4,6,3
"Mexico",1632,"North America","CONCACAF",1,2,4
"United States",1548,"North America","CONCACAF",1,1,4
"Canada",1332,"North America","CONCACAF",1,3,4
"Belgium",1780,"Europe","UEFA",1,8,4
"France",1755,"Europe","UEFA",1,5,4
"Brazil",1743,"South America","CONMEBOL",1,10,4
"England",1670,"Europe","UEFA",1,6,4
"Portugal",1662,"Europe","UEFA",1,12,4
"Spain",1645,"Europe","UEFA",1,9,4
"Argentina",1642,"South America","CONMEBOL",1,7,4
"Uruguay",1639,"South America","CONMEBOL",1,4,4
"Italy",1625,"Europe","UEFA",1,11,4
"Croatia",1617,"Europe","UEFA",2,5,4
"Denmark",1614,"Europe","UEFA",2,11,4
"Germany",1610,"Europe","UEFA",2,2,4
"Netherlands",1609,"Europe","UEFA",2,12,4
"Colombia",1601,"South America","CONMEBOL",2,9,4
"Switzerland",1593,"Europe","UEFA",2,6,4
"Chile",1567,"South America","CONMEBOL",2,8,4
"Wales",1562,"Europe","UEFA",2,4,4
"Poland",1559,"Europe","UEFA",2,1,4
"Senegal",1558,"Africa","CAF",2,7,4
"Austria",1531,"Europe","UEFA",2,3,4
"Tunisia",1503,"Africa","CAF",2,10,4
"Japan",1502,"Asia","AFC",3,8,4
"Iran",1496,"Asia","AFC",3,10,4
"Algeria",1488,"Africa","CAF",3,12,4
"Morocco",1481,"Africa","CAF",3,2,4
"Paraguay",1476,"South America","CONMEBOL",3,3,4
"Nigeria",1474,"Africa","CAF",3,11,4
"Korea Republic",1465,"Asia","AFC",3,1,4
"Australia",1457,"Asia","AFC",3,9,4
"Norway",1450,"Europe","UEFA",3,5,4
"Jamaica",1437,"North America","CONCACAF",3,7,4
"Scotland",1436,"Europe","UEFA",3,6,4
"Egypt",1432,"Africa","CAF",3,4,4
"Cameroon",1427,"Africa","CAF",4,5,4
"Costa Rica",1427,"North America","CONCACAF",4,4,4
"Ghana",1424,"Africa","CAF",4,1,4
"Ecuador",1409,"South America","CONMEBOL",4,11,4
"Qatar",1391,"Asia","AFC",4,3,4
"Saudi Arabia",1353,"Asia","AFC",4,2,4
"South Africa",1341,"Africa","CAF",4,9,4
"Panama",1312,"North America","CONCACAF",4,10,4
"Haiti",1285,"North America","CONCACAF",4,8,4
"Uzbekistan",1283,"Asia","AFC",4,7,4
"Jordan",1243,"Asia","AFC",4,12,4
"New Zealand",1149,"Oceania","OFC",4,6,4
"Mexico",1632,"North America","CONCACAF",1,2,5
"United States",1548,"North America","CONCACAF",1,1,5
"Canada",1332,"North America","CONCACAF",1,3,5
"Belgium",1780,"Europe","UEFA",1,7,5
"France",1755,"Europe","UEFA",1,6,5
"Brazil",1743,"South America","CONMEBOL",1,11,5
"England",1670,"Europe","UEFA",1,5,5
"Portugal",1662,"Europe","UEFA",1,8,5
"Spain",1645,"Europe","UEFA",1,12,5
"Argentina",1642,"South America","CONMEBOL",1,9,5
"Uruguay",1639,"South America","CONMEBOL",1,4,5
"Italy",1625,"Europe","UEFA",1,10,5
"Croatia",1617,"Europe","UEFA",2,3,5
"Denmark",1614,"Europe","UEFA",2,4,5
"Germany",1610,"Europe","UEFA",2,7,5
"Netherlands",1609,"Europe","UEFA",2,11,5
"Colombia",1601,"South America","CONMEBOL",2,6,5
"Switzerland",1593,"Europe","UEFA",2,8,5
"Chile",1567,"South America","CONMEBOL",2,5,5
"Wales",1562,"Europe","UEFA",2,10,5
"Poland",1559,"Europe","UEFA",2,9,5
"Senegal",1558,"Africa","CAF",2,2,5
"Austria",1531,"Europe","UEFA",2,1,5
"Tunisia",1503,"Africa","CAF",2,12,5
"Japan",1502,"Asia","AFC",3,2,5
"Iran",1496,"Asia","AFC",3,11,5
"Algeria",1488,"Africa","CAF",3,1,5
"Morocco",1481,"Africa","CAF",3,5,5
"Paraguay",1476,"South America","CONMEBOL",3,10,5
"Nigeria",1474,"Africa","CAF",3,3,5
"Korea Republic",1465,"Asia","AFC",3,7,5
"Australia",1457,"Asia","AFC",3,9,5
"Norway",1450,"Europe","UEFA",3,12,5
"Jamaica",1437,"North America","CONCACAF",3,6,5
"Scotland",1436,"Europe","UEFA",3,4,5
"Egypt",1432,"Africa","CAF",3,8,5
"Cameroon",1427,"Africa","CAF",4,11,5
"Costa Rica",1427,"North America","CONCACAF",4,5,5
"Ghana",1424,"Africa","CAF",4,7,5
"Ecuador",1409,"South America","CONMEBOL",4,2,5
"Qatar",1391,"Asia","AFC",4,10,5
"Saudi Arabia",1353,"Asia","AFC",4,8,5
"South Africa",1341,"Africa","CAF",4,6,5
"Panama",1312,"North America","CONCACAF",4,9,5
"Haiti",1285,"North America","CONCACAF",4,4,5
"Uzbekistan",1283,"Asia","AFC",4,3,5
"Jordan",1243,"Asia","AFC",4,12,5
"New Zealand",1149,"Oceania","OFC",4,1,5
"Mexico",1632,"North America","CONCACAF",1,2,6
"United States",1548,"North America","CONCACAF",1,1,6
"Canada",1332,"North America","CONCACAF",1,3,6
"Belgium",1780,"Europe","UEFA",1,8,6
"France",1755,"Europe","UEFA",1,12,6
"Brazil",1743,"South America","CONMEBOL",1,4,6
"England",1670,"Europe","UEFA",1,11,6
"Portugal",1662,"Europe","UEFA",1,9,6
"Spain",1645,"Europe","UEFA",1,6,6
"Argentina",1642,"South America","CONMEBOL",1,10,6
"Uruguay",1639,"South America","CONMEBOL",1,7,6
"Italy",1625,"Europe","UEFA",1,5,6
"Croatia",1617,"Europe","UEFA",2,6,6
"Denmark",1614,"Europe","UEFA",2,10,6
"Germany",1610,"Europe","UEFA",2,5,6
"Netherlands",1609,"Europe","UEFA",2,4,6
"Colombia",1601,"South America","CONMEBOL",2,8,6
"Switzerland",1593,"Europe","UEFA",2,2,6
"Chile",1567,"South America","CONMEBOL",2,12,6
"Wales",1562,"Europe","UEFA",2,7,6
"Poland",1559,"Europe","UEFA",2,9,6
"Senegal",1558,"Africa","CAF",2,1,6
"Austria",1531,"Europe","UEFA",2,11,6
"Tunisia",1503,"Africa","CAF",2,3,6
"Japan",1502,"Asia","AFC",3,2,6
"Iran",1496,"Asia","AFC",3,7,6
"Algeria",1488,"Africa","CAF",3,9,6
"Morocco",1481,"Africa","CAF",3,4,6
"Paraguay",1476,"South America","CONMEBOL",3,11,6
"Nigeria",1474,"Africa","CAF",3,8,6
"Korea Republic",1465,"Asia","AFC",3,10,6
"Australia",1457,"Asia","AFC",3,5,6
"Norway",1450,"Europe","UEFA",3,3,6
"Jamaica",1437,"North America","CONCACAF",3,6,6
"Scotland",1436,"Europe","UEFA",3,1,6
"Egypt",1432,"Africa","CAF",3,12,6
"Cameroon",1427,"Africa","CAF",4,2,6
"Costa Rica",1427,"North America","CONCACAF",4,4,6
"Ghana",1424,"Africa","CAF",4,10,6
"Ecuador",1409,"South America","CONMEBOL",4,9,6
"Qatar",1391,"Asia","AFC",4,3,6
"Saudi Arabia",1353,"Asia","AFC",4,6,6
"South Africa",1341,"Africa","CAF",4,5,6
"Panama",1312,"North America","CONCACAF",4,7,6
"Haiti",1285,"North America","CONCACAF",4,8,6
"Uzbekistan",1283,"Asia","AFC",4,11,6
"Jordan",1243,"Asia","AFC",4,1,6
"New Zealand",1149,"Oceania","OFC",4,12,6
"Mexico",1632,"North America","CONCACAF",1,2,7
"United States",1548,"North America","CONCACAF",1,1,7
"Canada",1332,"North America","CONCACAF",1,3,7
"Belgium",1780,"Europe","UEFA",1,5,7
"France",1755,"Europe","UEFA",1,10,7
"Brazil",1743,"South America","CONMEBOL",1,8,7
"England",1670,"Europe","UEFA",1,9,7
"Portugal",1662,"Europe","UEFA",1,7,7
"Spain",1645,"Europe","UEFA",1,11,7
"Argentina",1642,"South America","CONMEBOL",1,12,7
"Uruguay",1639,"South America","CONMEBOL",1,4,7
"Italy",1625,"Europe","UEFA",1,6,7
"Croatia",1617,"Europe","UEFA",2,4,7
"Denmark",1614,"Europe","UEFA",2,9,7
"Germany",1610,"Europe","UEFA",2,12,7
"Netherlands",1609,"Europe","UEFA",2,8,7
"Colombia",1601,"South America","CONMEBOL",2,6,7
"Switzerland",1593,"Europe","UEFA",2,2,7
"Chile",1567,"South America","CONMEBOL",2,3,7
"Wales",1562,"Europe","UEFA",2,1,7
"Poland",1559,"Europe","UEFA",2,10,7
"Senegal",1558,"Africa","CAF",2,5,7
"Austria",1531,"Europe","UEFA",2,11,7
"Tunisia",1503,"Africa","CAF",2,7,7
"Japan",1502,"Asia","AFC",3,7,7
"Iran",1496,"Asia","AFC",3,6,7
"Algeria",1488,"Africa","CAF",3,1,7
"Morocco",1481,"Africa","CAF",3,8,7
"Paraguay",1476,"South America","CONMEBOL",3,2,7
"Nigeria",1474,"Africa","CAF",3,9,7
"Korea Republic",1465,"Asia","AFC",3,12,7
"Australia",1457,"Asia","AFC",3,5,7
"Norway",1450,"Europe","UEFA",3,4,7
"Jamaica",1437,"North America","CONCACAF",3,11,7
"Scotland",1436,"Europe","UEFA",3,10,7
"Egypt",1432,"Africa","CAF",3,3,7
"Cameroon",1427,"Africa","CAF",4,6,7
"Costa Rica",1427,"North America","CONCACAF",4,12,7
"Ghana",1424,"Africa","CAF",4,11,7
"Ecuador",1409,"South America","CONMEBOL",4,10,7
"Qatar",1391,"Asia","AFC",4,8,7
"Saudi Arabia",1353,"Asia","AFC",4,1,7
"South Africa",1341,"Africa","CAF",4,2,7
"Panama",1312,"North America","CONCACAF",4,5,7
"Haiti",1285,"North America","CONCACAF",4,4,7
"Uzbekistan",1283,"Asia","AFC",4,3,7
"Jordan",1243,"Asia","AFC",4,9,7
"New Zealand",1149,"Oceania","OFC",4,7,7
"Mexico",1632,"North America","CONCACAF",1,2,8
"United States",1548,"North America","CONCACAF",1,1,8
"Canada",1332,"North America","CONCACAF",1,3,8
"Belgium",1780,"Europe","UEFA",1,4,8
"France",1755,"Europe","UEFA",1,12,8
"Brazil",1743,"South America","CONMEBOL",1,7,8
"England",1670,"Europe","UEFA",1,5,8
"Portugal",1662,"Europe","UEFA",1,10,8
"Spain",1645,"Europe","UEFA",1,8,8
"Argentina",1642,"South America","CONMEBOL",1,6,8
"Uruguay",1639,"South America","CONMEBOL",1,9,8
"Italy",1625,"Europe","UEFA",1,11,8
"Croatia",1617,"Europe","UEFA",2,1,8
"Denmark",1614,"Europe","UEFA",2,4,8
"Germany",1610,"Europe","UEFA",2,10,8
"Netherlands",1609,"Europe","UEFA",2,3,8
"Colombia",1601,"South America","CONMEBOL",2,5,8
"Switzerland",1593,"Europe","UEFA",2,2,8
"Chile",1567,"South America","CONMEBOL",2,8,8
"Wales",1562,"Europe","UEFA",2,6,8
"Poland",1559,"Europe","UEFA",2,12,8
"Senegal",1558,"Africa","CAF",2,7,8
"Austria",1531,"Europe","UEFA",2,11,8
"Tunisia",1503,"Africa","CAF",2,9,8
"Japan",1502,"Asia","AFC",3,2,8
"Iran",1496,"Asia","AFC",3,11,8
"Algeria",1488,"Africa","CAF",3,10,8
"Morocco",1481,"Africa","CAF",3,8,8
"Paraguay",1476,"South America","CONMEBOL",3,10,8
"Nigeria",1474,"Africa","CAF",3,5,8
"Korea Republic",1465,"Asia","AFC",3,4,8
"Australia",1457,"Asia","AFC",3,6,8
"Norway",1450,"Europe","UEFA",3,9,8
"Jamaica",1437,"North America","CONCACAF",3,7,8
"Scotland",1436,"Europe","UEFA",3,1,8
"Egypt",1432,"Africa","CAF",3,3,8
"Cameroon",1427,"Africa","CAF",4,12,8
"Costa Rica",1427,"North America","CONCACAF",4,4,8
"Ghana",1424,"Africa","CAF",4,2,8
"Ecuador",1409,"South America","CONMEBOL",4,12,8
"Qatar",1391,"Asia","AFC",4,7,8
"Saudi Arabia",1353,"Asia","AFC",4,5,8
"South Africa",1341,"Africa","CAF",4,11,8
"Panama",1312,"North America","CONCACAF",4,6,8
"Haiti",1285,"North America","CONCACAF",4,8,8
"Uzbekistan",1283,"Asia","AFC",4,1,8
"Jordan",1243,"Asia","AFC",4,3,8
"New Zealand",1149,"Oceania","OFC",4,9,8
"Mexico",1632,"North America","CONCACAF",1,2,9
"United States",1548,"North America","CONCACAF",1,1,9
"Canada",1332,"North America","CONCACAF",1,3,9
"Belgium",1780,"Europe","UEFA",1,7,9
"France",1755,"Europe","UEFA",1,4,9
"Brazil",1743,"South America","CONMEBOL",1,10,9
"England",1670,"Europe","UEFA",1,9,9
"Portugal",1662,"Europe","UEFA",1,8,9
"Spain",1645,"Europe","UEFA",1,12,9
"Argentina",1642,"South America","CONMEBOL",1,6,9
"Uruguay",1639,"South America","CONMEBOL",1,5,9
"Italy",1625,"Europe","UEFA",1,11,9
"Croatia",1617,"Europe","UEFA",2,10,9
"Denmark",1614,"Europe","UEFA",2,11,9
"Germany",1610,"Europe","UEFA",2,5,9
"Netherlands",1609,"Europe","UEFA",2,12,9
"Colombia",1601,"South America","CONMEBOL",2,7,9
"Switzerland",1593,"Europe","UEFA",2,4,9
"Chile",1567,"South America","CONMEBOL",2,8,9
"Wales",1562,"Europe","UEFA",2,9,9
"Poland",1559,"Europe","UEFA",2,3,9
"Senegal",1558,"Africa","CAF",2,1,9
"Austria",1531,"Europe","UEFA",2,6,9
"Tunisia",1503,"Africa","CAF",2,2,9
"Japan",1502,"Asia","AFC",3,10,9
"Iran",1496,"Asia","AFC",3,8,9
"Algeria",1488,"Africa","CAF",3,3,9
"Morocco",1481,"Africa","CAF",3,12,9
"Paraguay",1476,"South America","CONMEBOL",3,9,9
"Nigeria",1474,"Africa","CAF",3,4,9
"Korea Republic",1465,"Asia","AFC",3,6,9
"Australia",1457,"Asia","AFC",3,1,9
"Norway",1450,"Europe","UEFA",3,2,9
"Jamaica",1437,"North America","CONCACAF",3,11,9
"Scotland",1436,"Europe","UEFA",3,7,9
"Egypt",1432,"Africa","CAF",3,5,9
"Cameroon",1427,"Africa","CAF",4,8,9
"Costa Rica",1427,"North America","CONCACAF",4,12,9
"Ghana",1424,"Africa","CAF",4,6,9
"Ecuador",1409,"South America","CONMEBOL",4,4,9
"Qatar",1391,"Asia","AFC",4,11,9
"Saudi Arabia",1353,"Asia","AFC",4,3,9
"South Africa",1341,"Africa","CAF",4,7,9
"Panama",1312,"North America","CONCACAF",4,10,9
"Haiti",1285,"North America","CONCACAF",4,5,9
"Uzbekistan",1283,"Asia","AFC",4,2,9
"Jordan",1243,"Asia","AFC",4,9,9
"New Zealand",1149,"Oceania","OFC",4,1,9
"Mexico",1632,"North America","CONCACAF",1,2,10
"United States",1548,"North America","CONCACAF",1,1,10
"Canada",1332,"North America","CONCACAF",1,3,10
"Belgium",1780,"Europe","UEFA",1,7,10
"France",1755,"Europe","UEFA",1,12,10
"Brazil",1743,"South America","CONMEBOL",1,4,10
"England",1670,"Europe","UEFA",1,9,10
"Portugal",1662,"Europe","UEFA",1,10,10
"Spain",1645,"Europe","UEFA",1,8,10
"Argentina",1642,"South America","CONMEBOL",1,6,10
"Uruguay",1639,"South America","CONMEBOL",1,11,10
"Italy",1625,"Europe","UEFA",1,5,10
"Croatia",1617,"Europe","UEFA",2,2,10
"Denmark",1614,"Europe","UEFA",2,10,10
"Germany",1610,"Europe","UEFA",2,11,10
"Netherlands",1609,"Europe","UEFA",2,6,10
"Colombia",1601,"South America","CONMEBOL",2,7,10
"Switzerland",1593,"Europe","UEFA",2,12,10
"Chile",1567,"South America","CONMEBOL",2,8,10
"Wales",1562,"Europe","UEFA",2,1,10
"Poland",1559,"Europe","UEFA",2,9,10
"Senegal",1558,"Africa","CAF",2,5,10
"Austria",1531,"Europe","UEFA",2,3,10
"Tunisia",1503,"Africa","CAF",2,4,10
"Japan",1502,"Asia","AFC",3,3,10
"Iran",1496,"Asia","AFC",3,8,10
"Algeria",1488,"Africa","CAF",3,10,10
"Morocco",1481,"Africa","CAF",3,7,10
"Paraguay",1476,"South America","CONMEBOL",3,9,10
"Nigeria",1474,"Africa","CAF",3,12,10
"Korea Republic",1465,"Asia","AFC",3,2,10
"Australia",1457,"Asia","AFC",3,5,10
"Norway",1450,"Europe","UEFA",3,11,10
"Jamaica",1437,"North America","CONCACAF",3,4,10
"Scotland",1436,"Europe","UEFA",3,1,10
"Egypt",1432,"Africa","CAF",3,6,10
"Cameroon",1427,"Africa","CAF",4,9,10
"Costa Rica",1427,"North America","CONCACAF",4,6,10
"Ghana",1424,"Africa","CAF",4,3,10
"Ecuador",1409,"South America","CONMEBOL",4,10,10
"Qatar",1391,"Asia","AFC",4,12,10
"Saudi Arabia",1353,"Asia","AFC",4,11,10
"South Africa",1341,"Africa","CAF",4,8,10
"Panama",1312,"North America","CONCACAF",4,7,10
"Haiti",1285,"North America","CONCACAF",4,5,10
"Uzbekistan",1283,"Asia","AFC",4,4,10
"Jordan",1243,"Asia","AFC",4,1,10
"New Zealand",1149,"Oceania","OFC",4,2,10
"Mexico",1632,"North America","CONCACAF",1,2,11
"United States",1548,"North America","CONCACAF",1,1,11
"Canada",1332,"North America","CONCACAF",1,3,11
"Belgium",1780,"Europe","UEFA",1,12,11
"France",1755,"Europe","UEFA",1,5,11
"Brazil",1743,"South America","CONMEBOL",1,10,11
"England",1670,"Europe","UEFA",1,11,11
"Portugal",1662,"Europe","UEFA",1,9,11
"Spain",1645,"Europe","UEFA",1,8,11
"Argentina",1642,"South America","CONMEBOL",1,4,11
"Uruguay",1639,"South America","CONMEBOL",1,7,11
"Italy",1625,"Europe","UEFA",1,6,11
"Croatia",1617,"Europe","UEFA",2,1,11
"Denmark",1614,"Europe","UEFA",2,4,11
"Germany",1610,"Europe","UEFA",2,7,11
"Netherlands",1609,"Europe","UEFA",2,9,11
"Colombia",1601,"South America","CONMEBOL",2,6,11
"Switzerland",1593,"Europe","UEFA",2,8,11
"Chile",1567,"South America","CONMEBOL",2,12,11
"Wales",1562,"Europe","UEFA",2,2,11
"Poland",1559,"Europe","UEFA",2,11,11
"Senegal",1558,"Africa","CAF",2,3,11
"Austria",1531,"Europe","UEFA",2,10,11
"Tunisia",1503,"Africa","CAF",2,5,11
"Japan",1502,"Asia","AFC",3,2,11
"Iran",1496,"Asia","AFC",3,12,11
"Algeria",1488,"Africa","CAF",3,6,11
"Morocco",1481,"Africa","CAF",3,7,11
"Paraguay",1476,"South America","CONMEBOL",3,8,11
"Nigeria",1474,"Africa","CAF",3,11,11
"Korea Republic",1465,"Asia","AFC",3,4,11
"Australia",1457,"Asia","AFC",3,10,11
"Norway",1450,"Europe","UEFA",3,3,11
"Jamaica",1437,"North America","CONCACAF",3,5,11
"Scotland",1436,"Europe","UEFA",3,1,11
"Egypt",1432,"Africa","CAF",3,9,11
"Cameroon",1427,"Africa","CAF",4,2,11
"Costa Rica",1427,"North America","CONCACAF",4,6,11
"Ghana",1424,"Africa","CAF",4,8,11
"Ecuador",1409,"South America","CONMEBOL",4,5,11
"Qatar",1391,"Asia","AFC",4,11,11
"Saudi Arabia",1353,"Asia","AFC",4,3,11
"South Africa",1341,"Africa","CAF",4,10,11
"Panama",1312,"North America","CONCACAF",4,12,11
"Haiti",1285,"North America","CONCACAF",4,4,11
"Uzbekistan",1283,"Asia","AFC",4,9,11
"Jordan",1243,"Asia","AFC",4,7,11
"New Zealand",1149,"Oceania","OFC",4,1,11
"Mexico",1632,"North America","CONCACAF",1,2,12
"United States",1548,"North America","CONCACAF",1,1,12
"Canada",1332,"North America","CONCACAF",1,3,12
"Belgium",1780,"Europe","UEFA",1,10,12
"France",1755,"Europe","UEFA",1,11,12
"Brazil",1743,"South America","CONMEBOL",1,7,12
"England",1670,"Europe","UEFA",1,12,12
"Portugal",1662,"Europe","UEFA",1,5,12
"Spain",1645,"Europe","UEFA",1,4,12
"Argentina",1642,"South America","CONMEBOL",1,9,12
"Uruguay",1639,"South America","CONMEBOL",1,8,12
"Italy",1625,"Europe","UEFA",1,6,12
"Croatia",1617,"Europe","UEFA",2,7,12
"Denmark",1614,"Europe","UEFA",2,5,12
"Germany",1610,"Europe","UEFA",2,2,12
"Netherlands",1609,"Europe","UEFA",2,9,12
"Colombia",1601,"South America","CONMEBOL",2,12,12
"Switzerland",1593,"Europe","UEFA",2,10,12
"Chile",1567,"South America","CONMEBOL",2,11,12
"Wales",1562,"Europe","UEFA",2,6,12
"Poland",1559,"Europe","UEFA",2,1,12
"Senegal",1558,"Africa","CAF",2,8,12
"Austria",1531,"Europe","UEFA",2,3,12
"Tunisia",1503,"Africa","CAF",2,4,12
"Japan",1502,"Asia","AFC",3,12,12
"Iran",1496,"Asia","AFC",3,5,12
"Algeria",1488,"Africa","CAF",3,1,12
"Morocco",1481,"Africa","CAF",3,11,12
"Paraguay",1476,"South America","CONMEBOL",3,3,12
"Nigeria",1474,"Africa","CAF",3,6,12
"Korea Republic",1465,"Asia","AFC",3,8,12
"Australia",1457,"Asia","AFC",3,10,12
"Norway",1450,"Europe","UEFA",3,4,12
"Jamaica",1437,"North America","CONCACAF",3,7,12
"Scotland",1436,"Europe","UEFA",3,9,12
"Egypt",1432,"Africa","CAF",3,2,12
"Cameroon",1427,"Africa","CAF",4,7,12
"Costa Rica",1427,"North America","CONCACAF",4,8,12
"Ghana",1424,"Africa","CAF",4,10,12
"Ecuador",1409,"South America","CONMEBOL",4,5,12
"Qatar",1391,"Asia","AFC",4,1,12
"Saudi Arabia",1353,"Asia","AFC",4,6,12
"South Africa",1341,"Africa","CAF",4,12,12
"Panama",1312,"North America","CONCACAF",4,11,12
"Haiti",1285,"North America","CONCACAF",4,4,12
"Uzbekistan",1283,"Asia","AFC",4,3,12
"Jordan",1243,"Asia","AFC",4,9,12
"New Zealand",1149,"Oceania","OFC",4,2,12
"Mexico",1632,"North America","CONCACAF",1,2,13
"United States",1548,"North America","CONCACAF",1,1,13
"Canada",1332,"North America","CONCACAF",1,3,13
"Belgium",1780,"Europe","UEFA",1,4,13
"France",1755,"Europe","UEFA",1,11,13
"Brazil",1743,"South America","CONMEBOL",1,9,13
"England",1670,"Europe","UEFA",1,5,13
"Portugal",1662,"Europe","UEFA",1,12,13
"Spain",1645,"Europe","UEFA",1,6,13
"Argentina",1642,"South America","CONMEBOL",1,7,13
"Uruguay",1639,"South America","CONMEBOL",1,8,13
"Italy",1625,"Europe","UEFA",1,10,13
"Croatia",1617,"Europe","UEFA",2,4,13
"Denmark",1614,"Europe","UEFA",2,8,13
"Germany",1610,"Europe","UEFA",2,9,13
"Netherlands",1609,"Europe","UEFA",2,7,13
"Colombia",1601,"South America","CONMEBOL",2,10,13
"Switzerland",1593,"Europe","UEFA",2,12,13
"Chile",1567,"South America","CONMEBOL",2,11,13
"Wales",1562,"Europe","UEFA",2,3,13
"Poland",1559,"Europe","UEFA",2,1,13
"Senegal",1558,"Africa","CAF",2,2,13
"Austria",1531,"Europe","UEFA",2,5,13
"Tunisia",1503,"Africa","CAF",2,6,13
"Japan",1502,"Asia","AFC",3,2,13
"Iran",1496,"Asia","AFC",3,6,13
"Algeria",1488,"Africa","CAF",3,7,13
"Morocco",1481,"Africa","CAF",3,10,13
"Paraguay",1476,"South America","CONMEBOL",3,12,13
"Nigeria",1474,"Africa","CAF",3,9,13
"Korea Republic",1465,"Asia","AFC",3,8,13
"Australia",1457,"Asia","AFC",3,4,13
"Norway",1450,"Europe","UEFA",3,11,13
"Jamaica",1437,"North America","CONCACAF",3,5,13
"Scotland",1436,"Europe","UEFA",3,1,13
"Egypt",1432,"Africa","CAF",3,3,13
"Cameroon",1427,"Africa","CAF",4,8,13
"Costa Rica",1427,"North America","CONCACAF",4,6,13
"Ghana",1424,"Africa","CAF",4,11,13
"Ecuador",1409,"South America","CONMEBOL",4,1,13
"Qatar",1391,"Asia","AFC",4,3,13
"Saudi Arabia",1353,"Asia","AFC",4,12,13
"South Africa",1341,"Africa","CAF",4,5,13
"Panama",1312,"North America","CONCACAF",4,4,13
"Haiti",1285,"North America","CONCACAF",4,10,13
"Uzbekistan",1283,"Asia","AFC",4,9,13
"Jordan",1243,"Asia","AFC",4,7,13
"New Zealand",1149,"Oceania","OFC",4,2,13
"Mexico",1632,"North America","CONCACAF",1,2,14
"United States",1548,"North America","CONCACAF",1,1,14
"Canada",1332,"North America","CONCACAF",1,3,14
"Belgium",1780,"Europe","UEFA",1,5,14
"France",1755,"Europe","UEFA",1,12,14
"Brazil",1743,"South America","CONMEBOL",1,9,14
"England",1670,"Europe","UEFA",1,11,14
"Portugal",1662,"Europe","UEFA",1,4,14
"Spain",1645,"Europe","UEFA",1,10,14
"Argentina",1642,"South America","CONMEBOL",1,7,14
"Uruguay",1639,"South America","CONMEBOL",1,8,14
"Italy",1625,"Europe","UEFA",1,6,14
"Croatia",1617,"Europe","UEFA",2,3,14
"Denmark",1614,"Europe","UEFA",2,4,14
"Germany",1610,"Europe","UEFA",2,9,14
"Netherlands",1609,"Europe","UEFA",2,8,14
"Colombia",1601,"South America","CONMEBOL",2,5,14
"Switzerland",1593,"Europe","UEFA",2,12,14
"Chile",1567,"South America","CONMEBOL",2,10,14
"Wales",1562,"Europe","UEFA",2,11,14
"Poland",1559,"Europe","UEFA",2,7,14
"Senegal",1558,"Africa","CAF",2,1,14
"Austria",1531,"Europe","UEFA",2,6,14
"Tunisia",1503,"Africa","CAF",2,2,14
"Japan",1502,"Asia","AFC",3,7,14
"Iran",1496,"Asia","AFC",3,12,14
"Algeria",1488,"Africa","CAF",3,8,14
"Morocco",1481,"Africa","CAF",3,3,14
"Paraguay",1476,"South America","CONMEBOL",3,1,14
"Nigeria",1474,"Africa","CAF",3,5,14
"Korea Republic",1465,"Asia","AFC",3,2,14
"Australia",1457,"Asia","AFC",3,9,14
"Norway",1450,"Europe","UEFA",3,6,14
"Jamaica",1437,"North America","CONCACAF",3,4,14
"Scotland",1436,"Europe","UEFA",3,10,14
"Egypt",1432,"Africa","CAF",3,11,14
"Cameroon",1427,"Africa","CAF",4,9,14
"Costa Rica",1427,"North America","CONCACAF",4,7,14
"Ghana",1424,"Africa","CAF",4,6,14
"Ecuador",1409,"South America","CONMEBOL",4,11,14
"Qatar",1391,"Asia","AFC",4,3,14
"Saudi Arabia",1353,"Asia","AFC",4,10,14
"South Africa",1341,"Africa","CAF",4,12,14
"Panama",1312,"North America","CONCACAF",4,5,14
"Haiti",1285,"North America","CONCACAF",4,8,14
"Uzbekistan",1283,"Asia","AFC",4,4,14
"Jordan",1243,"Asia","AFC",4,1,14
"New Zealand",1149,"Oceania","OFC",4,2,14
"Mexico",1632,"North America","CONCACAF",1,2,15
"United States",1548,"North America","CONCACAF",1,1,15
"Canada",1332,"North America","CONCACAF",1,3,15
"Belgium",1780,"Europe","UEFA",1,11,15
"France",1755,"Europe","UEFA",1,12,15
"Brazil",1743,"South America","CONMEBOL",1,10,15
"England",1670,"Europe","UEFA",1,9,15
"Portugal",1662,"Europe","UEFA",1,7,15
"Spain",1645,"Europe","UEFA",1,4,15
"Argentina",1642,"South America","CONMEBOL",1,8,15
"Uruguay",1639,"South America","CONMEBOL",1,6,15
"Italy",1625,"Europe","UEFA",1,5,15
"Croatia",1617,"Europe","UEFA",2,2,15
"Denmark",1614,"Europe","UEFA",2,10,15
"Germany",1610,"Europe","UEFA",2,1,15
"Netherlands",1609,"Europe","UEFA",2,12,15
"Colombia",1601,"South America","CONMEBOL",2,5,15
"Switzerland",1593,"Europe","UEFA",2,8,15
"Chile",1567,"South America","CONMEBOL",2,3,15
"Wales",1562,"Europe","UEFA",2,6,15
"Poland",1559,"Europe","UEFA",2,11,15
"Senegal",1558,"Africa","CAF",2,9,15
"Austria",1531,"Europe","UEFA",2,7,15
"Tunisia",1503,"Africa","CAF",2,4,15
"Japan",1502,"Asia","AFC",3,5,15
"Iran",1496,"Asia","AFC",3,9,15
"Algeria",1488,"Africa","CAF",3,2,15
"Morocco",1481,"Africa","CAF",3,12,15
"Paraguay",1476,"South America","CONMEBOL",3,11,15
"Nigeria",1474,"Africa","CAF",3,6,15
"Korea Republic",1465,"Asia","AFC",3,7,15
"Australia",1457,"Asia","AFC",3,10,15
"Norway",1450,"Europe","UEFA",3,3,15
"Jamaica",1437,"North America","CONCACAF",3,4,15
"Scotland",1436,"Europe","UEFA",3,1,15
"Egypt",1432,"Africa","CAF",3,8,15
"Cameroon",1427,"Africa","CAF",4,10,15
"Costa Rica",1427,"North America","CONCACAF",4,6,15
"Ghana",1424,"Africa","CAF",4,7,15
"Ecuador",1409,"South America","CONMEBOL",4,2,15
"Qatar",1391,"Asia","AFC",4,12,15
"Saudi Arabia",1353,"Asia","AFC",4,3,15
"South Africa",1341,"Africa","CAF",4,5,15
"Panama",1312,"North America","CONCACAF",4,8,15
"Haiti",1285,"North America","CONCACAF",4,11,15
"Uzbekistan",1283,"Asia","AFC",4,1,15
"Jordan",1243,"Asia","AFC",4,4,15
"New Zealand",1149,"Oceania","OFC",4,9,15
"Mexico",1632,"North America","CONCACAF",1,2,16
"United States",1548,"North America","CONCACAF",1,1,16
"Canada",1332,"North America","CONCACAF",1,3,16
"Belgium",1780,"Europe","UEFA",1,10,16
"France",1755,"Europe","UEFA",1,6,16
"Brazil",1743,"South America","CONMEBOL",1,11,16
"England",1670,"Europe","UEFA",1,5,16
"Portugal",1662,"Europe","UEFA",1,9,16
"Spain",1645,"Europe","UEFA",1,7,16
"Argentina",1642,"South America","CONMEBOL",1,8,16
"Uruguay",1639,"South America","CONMEBOL",1,12,16
"Italy",1625,"Europe","UEFA",1,4,16
"Croatia",1617,"Europe","UEFA",2,12,16
"Denmark",1614,"Europe","UEFA",2,3,16
"Germany",1610,"Europe","UEFA",2,10,16
"Netherlands",1609,"Europe","UEFA",2,8,16
"Colombia",1601,"South America","CONMEBOL",2,7,16
"Switzerland",1593,"Europe","UEFA",2,6,16
"Chile",1567,"South America","CONMEBOL",2,9,16
"Wales",1562,"Europe","UEFA",2,4,16
"Poland",1559,"Europe","UEFA",2,1,16
"Senegal",1558,"Africa","CAF",2,5,16
"Austria",1531,"Europe","UEFA",2,11,16
"Tunisia",1503,"Africa","CAF",2,2,16
"Japan",1502,"Asia","AFC",3,12,16
"Iran",1496,"Asia","AFC",3,7,16
"Algeria",1488,"Africa","CAF",3,4,16
"Morocco",1481,"Africa","CAF",3,6,16
"Paraguay",1476,"South America","CONMEBOL",3,10,16
"Nigeria",1474,"Africa","CAF",3,9,16
"Korea Republic",1465,"Asia","AFC",3,5,16
"Australia",1457,"Asia","AFC",3,2,16
"Norway",1450,"Europe","UEFA",3,3,16
"Jamaica",1437,"North America","CONCACAF",3,11,16
"Scotland",1436,"Europe","UEFA",3,8,16
"Egypt",1432,"Africa","CAF",3,1,16
"Cameroon",1427,"Africa","CAF",4,3,16
"Costa Rica",1427,"North America","CONCACAF",4,6,16
"Ghana",1424,"Africa","CAF",4,12,16
"Ecuador",1409,"South America","CONMEBOL",4,2,16
"Qatar",1391,"Asia","AFC",4,11,16
"Saudi Arabia",1353,"Asia","AFC",4,8,16
"South Africa",1341,"Africa","CAF",4,7,16
"Panama",1312,"North America","CONCACAF",4,5,16
"Haiti",1285,"North America","CONCACAF",4,4,16
"Uzbekistan",1283,"Asia","AFC",4,10,16
"Jordan",1243,"Asia","AFC",4,1,16
"New Zealand",1149,"Oceania","OFC",4,9,16
"Mexico",1632,"North America","CONCACAF",1,2,17
"United States",1548,"North America","CONCACAF",1,1,17
"Canada",1332,"North America","CONCACAF",1,3,17
"Belgium",1780,"Europe","UEFA",1,5,17
"France",1755,"Europe","UEFA",1,9,17
"Brazil",1743,"South America","CONMEBOL",1,11,17
"England",1670,"Europe","UEFA",1,4,17
"Portugal",1662,"Europe","UEFA",1,6,17
"Spain",1645,"Europe","UEFA",1,8,17
"Argentina",1642,"South America","CONMEBOL",1,12,17
"Uruguay",1639,"South America","CONMEBOL",1,7,17
"Italy",1625,"Europe","UEFA",1,10,17
"Croatia",1617,"Europe","UEFA",2,1,17
"Denmark",1614,"Europe","UEFA",2,10,17
"Germany",1610,"Europe","UEFA",2,9,17
"Netherlands",1609,"Europe","UEFA",2,3,17
"Colombia",1601,"South America","CONMEBOL",2,2,17
"Switzerland",1593,"Europe","UEFA",2,7,17
"Chile",1567,"South America","CONMEBOL",2,5,17
"Wales",1562,"Europe","UEFA",2,12,17
"Poland",1559,"Europe","UEFA",2,6,17
"Senegal",1558,"Africa","CAF",2,11,17
"Austria",1531,"Europe","UEFA",2,8,17
"Tunisia",1503,"Africa","CAF",2,4,17
"Japan",1502,"Asia","AFC",3,12,17
"Iran",1496,"Asia","AFC",3,1,17
"Algeria",1488,"Africa","CAF",3,2,17
"Morocco",1481,"Africa","CAF",3,3,17
"Paraguay",1476,"South America","CONMEBOL",3,9,17
"Nigeria",1474,"Africa","CAF",3,10,17
"Korea Republic",1465,"Asia","AFC",3,8,17
"Australia",1457,"Asia","AFC",3,7,17
"Norway",1450,"Europe","UEFA",3,11,17
"Jamaica",1437,"North America","CONCACAF",3,4,17
"Scotland",1436,"Europe","UEFA",3,5,17
"Egypt",1432,"Africa","CAF",3,6,17
"Cameroon",1427,"Africa","CAF",4,5,17
"Costa Rica",1427,"North America","CONCACAF",4,12,17
"Ghana",1424,"Africa","CAF",4,8,17
"Ecuador",1409,"South America","CONMEBOL",4,10,17
"Qatar",1391,"Asia","AFC",4,6,17
"Saudi Arabia",1353,"Asia","AFC",4,4,17
"South Africa",1341,"Africa","CAF",4,1,17
"Panama",1312,"North America","CONCACAF",4,7,17
"Haiti",1285,"North America","CONCACAF",4,11,17
"Uzbekistan",1283,"Asia","AFC",4,3,17
"Jordan",1243,"Asia","AFC",4,2,17
"New Zealand",1149,"Oceania","OFC",4,9,17
"Mexico",1632,"North America","CONCACAF",1,2,18
"United States",1548,"North America","CONCACAF",1,1,18
"Canada",1332,"North America","CONCACAF",1,3,18
"Belgium",1780,"Europe","UEFA",1,7,18
"France",1755,"Europe","UEFA",1,11,18
"Brazil",1743,"South America","CONMEBOL",1,12,18
"England",1670,"Europe","UEFA",1,9,18
"Portugal",1662,"Europe","UEFA",1,4,18
"Spain",1645,"Europe","UEFA",1,8,18
"Argentina",1642,"South America","CONMEBOL",1,6,18
"Uruguay",1639,"South America","CONMEBOL",1,5,18
"Italy",1625,"Europe","UEFA",1,10,18
"Croatia",1617,"Europe","UEFA",2,10,18
"Denmark",1614,"Europe","UEFA",2,5,18
"Germany",1610,"Europe","UEFA",2,3,18
"Netherlands",1609,"Europe","UEFA",2,11,18
"Colombia",1601,"South America","CONMEBOL",2,9,18
"Switzerland",1593,"Europe","UEFA",2,6,18
"Chile",1567,"South America","CONMEBOL",2,7,18
"Wales",1562,"Europe","UEFA",2,2,18
"Poland",1559,"Europe","UEFA",2,1,18
"Senegal",1558,"Africa","CAF",2,4,18
"Austria",1531,"Europe","UEFA",2,12,18
"Tunisia",1503,"Africa","CAF",2,8,18
"Japan",1502,"Asia","AFC",3,12,18
"Iran",1496,"Asia","AFC",3,2,18
"Algeria",1488,"Africa","CAF",3,1,18
"Morocco",1481,"Africa","CAF",3,3,18
"Paraguay",1476,"South America","CONMEBOL",3,8,18
"Nigeria",1474,"Africa","CAF",3,5,18
"Korea Republic",1465,"Asia","AFC",3,10,18
"Australia",1457,"Asia","AFC",3,4,18
"Norway",1450,"Europe","UEFA",3,11,18
"Jamaica",1437,"North America","CONCACAF",3,9,18
"Scotland",1436,"Europe","UEFA",3,7,18
"Egypt",1432,"Africa","CAF",3,6,18
"Cameroon",1427,"Africa","CAF",4,2,18
"Costa Rica",1427,"North America","CONCACAF",4,7,18
"Ghana",1424,"Africa","CAF",4,11,18
"Ecuador",1409,"South America","CONMEBOL",4,10,18
"Qatar",1391,"Asia","AFC",4,3,18
"Saudi Arabia",1353,"Asia","AFC",4,1,18
"South Africa",1341,"Africa","CAF",4,12,18
"Panama",1312,"North America","CONCACAF",4,4,18
"Haiti",1285,"North America","CONCACAF",4,5,18
"Uzbekistan",1283,"Asia","AFC",4,8,18
"Jordan",1243,"Asia","AFC",4,6,18
"New Zealand",1149,"Oceania","OFC",4,9,18
"Mexico",1632,"North America","CONCACAF",1,2,19
"United States",1548,"North America","CONCACAF",1,1,19
"Canada",1332,"North America","CONCACAF",1,3,19
"Belgium",1780,"Europe","UEFA",1,5,19
"France",1755,"Europe","UEFA",1,8,19
"Brazil",1743,"South America","CONMEBOL",1,10,19
"England",1670,"Europe","UEFA",1,11,19
"Portugal",1662,"Europe","UEFA",1,6,19
"Spain",1645,"Europe","UEFA",1,7,19
"Argentina",1642,"South America","CONMEBOL",1,4,19
"Uruguay",1639,"South America","CONMEBOL",1,12,19
"Italy",1625,"Europe","UEFA",1,9,19
"Croatia",1617,"Europe","UEFA",2,10,19
"Denmark",1614,"Europe","UEFA",2,8,19
"Germany",1610,"Europe","UEFA",2,7,19
"Netherlands",1609,"Europe","UEFA",2,1,19
"Colombia",1601,"South America","CONMEBOL",2,9,19
"Switzerland",1593,"Europe","UEFA",2,2,19
"Chile",1567,"South America","CONMEBOL",2,5,19
"Wales",1562,"Europe","UEFA",2,4,19
"Poland",1559,"Europe","UEFA",2,3,19
"Senegal",1558,"Africa","CAF",2,12,19
"Austria",1531,"Europe","UEFA",2,6,19
"Tunisia",1503,"Africa","CAF",2,11,19
"Japan",1502,"Asia","AFC",3,12,19
"Iran",1496,"Asia","AFC",3,4,19
"Algeria",1488,"Africa","CAF",3,2,19
"Morocco",1481,"Africa","CAF",3,1,19
"Paraguay",1476,"South America","CONMEBOL",3,11,19
"Nigeria",1474,"Africa","CAF",3,3,19
"Korea Republic",1465,"Asia","AFC",3,5,19
"Australia",1457,"Asia","AFC",3,6,19
"Norway",1450,"Europe","UEFA",3,8,19
"Jamaica",1437,"North America","CONCACAF",3,7,19
"Scotland",1436,"Europe","UEFA",3,10,19
"Egypt",1432,"Africa","CAF",3,9,19
"Cameroon",1427,"Africa","CAF",4,10,19
"Costa Rica",1427,"North America","CONCACAF",4,6,19
"Ghana",1424,"Africa","CAF",4,7,19
"Ecuador",1409,"South America","CONMEBOL",4,1,19
"Qatar",1391,"Asia","AFC",4,3,19
"Saudi Arabia",1353,"Asia","AFC",4,2,19
"South Africa",1341,"Africa","CAF",4,5,19
"Panama",1312,"North America","CONCACAF",4,12,19
"Haiti",1285,"North America","CONCACAF",4,4,19
"Uzbekistan",1283,"Asia","AFC",4,11,19
"Jordan",1243,"Asia","AFC",4,9,19
"New Zealand",1149,"Oceania","OFC",4,8,19
"Mexico",1632,"North America","CONCACAF",1,2,20
"United States",1548,"North America","CONCACAF",1,1,20
"Canada",1332,"North America","CONCACAF",1,3,20
"Belgium",1780,"Europe","UEFA",1,12,20
"France",1755,"Europe","UEFA",1,8,20
"Brazil",1743,"South America","CONMEBOL",1,5,20
"England",1670,"Europe","UEFA",1,7,20
"Portugal",1662,"Europe","UEFA",1,6,20
"Spain",1645,"Europe","UEFA",1,11,20
"Argentina",1642,"South America","CONMEBOL",1,10,20
"Uruguay",1639,"South America","CONMEBOL",1,4,20
"Italy",1625,"Europe","UEFA",1,9,20
"Croatia",1617,"Europe","UEFA",2,1,20
"Denmark",1614,"Europe","UEFA",2,10,20
"Germany",1610,"Europe","UEFA",2,5,20
"Netherlands",1609,"Europe","UEFA",2,6,20
"Colombia",1601,"South America","CONMEBOL",2,3,20
"Switzerland",1593,"Europe","UEFA",2,4,20
"Chile",1567,"South America","CONMEBOL",2,11,20
"Wales",1562,"Europe","UEFA",2,12,20
"Poland",1559,"Europe","UEFA",2,2,20
"Senegal",1558,"Africa","CAF",2,8,20
"Austria",1531,"Europe","UEFA",2,9,20
"Tunisia",1503,"Africa","CAF",2,7,20
"Japan",1502,"Asia","AFC",3,10,20
"Iran",1496,"Asia","AFC",3,6,20
"Algeria",1488,"Africa","CAF",3,5,20
"Morocco",1481,"Africa","CAF",3,3,20
"Paraguay",1476,"South America","CONMEBOL",3,7,20
"Nigeria",1474,"Africa","CAF",3,9,20
"Korea Republic",1465,"Asia","AFC",3,1,20
"Australia",1457,"Asia","AFC",3,2,20
"Norway",1450,"Europe","UEFA",3,11,20
"Jamaica",1437,"North America","CONCACAF",3,12,20
"Scotland",1436,"Europe","UEFA",3,8,20
"Egypt",1432,"Africa","CAF",3,4,20
"Cameroon",1427,"Africa","CAF",4,6,20
"Costa Rica",1427,"North America","CONCACAF",4,8,20
"Ghana",1424,"Africa","CAF",4,2,20
"Ecuador",1409,"South America","CONMEBOL",4,12,20
"Qatar",1391,"Asia","AFC",4,3,20
"Saudi Arabia",1353,"Asia","AFC",4,9,20
"South Africa",1341,"Africa","CAF",4,1,20
"Panama",1312,"North America","CONCACAF",4,4,20
"Haiti",1285,"North America","CONCACAF",4,7,20
"Uzbekistan",1283,"Asia","AFC",4,11,20
"Jordan",1243,"Asia","AFC",4,5,20
"New Zealand",1149,"Oceania","OFC",4,10,20
